{
    "version": 4,
    "title": {
        "en": "Skin 01",
        "ko": "스킨 01",
        "ja": "スキン 01"
    },
    "subtitle": {
        "en": "Proseka Rush",
        "ko": "프로세카 러쉬",
        "ja": "プロセカラッシュ"
    },
    "author": {
        "en": "Gaven#508247"
    },
    "tags": [
        {
            "tag": "3.0.0",
            "title": {
                "en": "3.0.0"
            }
        },
        {
            "tag": "blending",
            "title": {
                "en": "blending",
                "ko": "블렌딩",
                "ja": "ブレンディング"
            }
        },
        {
            "tag": "hires",
            "title": {
                "en": "hires",
                "ko": "고해상도",
                "ja": "高解像度"
            }
        },
        {
            "tag": "ja",
            "title": {
                "en": "ja"
            }
        }
    ],
    "description": {
        "en": "1.2.0"
    },
    "meta": {
        "server": "ja",
        "version": "3.0.0",
        "refined": "blending"
    }
}